-- MySQL dump 10.13  Distrib 5.6.20, for osx10.9 (x86_64)
--
-- Host: localhost    Database: BlendConf
-- ------------------------------------------------------
-- Server version	5.6.20

/*!40101 SET @OLD_CHARACTER_SET_CLIENT=@@CHARACTER_SET_CLIENT */;
/*!40101 SET @OLD_CHARACTER_SET_RESULTS=@@CHARACTER_SET_RESULTS */;
/*!40101 SET @OLD_COLLATION_CONNECTION=@@COLLATION_CONNECTION */;
/*!40101 SET NAMES utf8 */;
/*!40103 SET @OLD_TIME_ZONE=@@TIME_ZONE */;
/*!40103 SET TIME_ZONE='+00:00' */;
/*!40014 SET @OLD_UNIQUE_CHECKS=@@UNIQUE_CHECKS, UNIQUE_CHECKS=0 */;
/*!40014 SET @OLD_FOREIGN_KEY_CHECKS=@@FOREIGN_KEY_CHECKS, FOREIGN_KEY_CHECKS=0 */;
/*!40101 SET @OLD_SQL_MODE=@@SQL_MODE, SQL_MODE='NO_AUTO_VALUE_ON_ZERO' */;
/*!40111 SET @OLD_SQL_NOTES=@@SQL_NOTES, SQL_NOTES=0 */;

--
-- Table structure for table `Polls`
--

DROP TABLE IF EXISTS `Polls`;
/*!40101 SET @saved_cs_client     = @@character_set_client */;
/*!40101 SET character_set_client = utf8 */;
CREATE TABLE `Polls` (
  `PollID` int(11) unsigned NOT NULL AUTO_INCREMENT,
  `Answer` tinyint(4) DEFAULT NULL,
  PRIMARY KEY (`PollID`)
) ENGINE=InnoDB AUTO_INCREMENT=13 DEFAULT CHARSET=utf8;
/*!40101 SET character_set_client = @saved_cs_client */;

--
-- Dumping data for table `Polls`
--

LOCK TABLES `Polls` WRITE;
/*!40000 ALTER TABLE `Polls` DISABLE KEYS */;
INSERT INTO `Polls` VALUES (1,1),(2,2),(3,2),(4,2),(5,2),(6,1),(7,1),(8,2),(9,2),(10,2),(11,1),(12,1);
/*!40000 ALTER TABLE `Polls` ENABLE KEYS */;
UNLOCK TABLES;

--
-- Table structure for table `UserVotes`
--

DROP TABLE IF EXISTS `UserVotes`;
/*!40101 SET @saved_cs_client     = @@character_set_client */;
/*!40101 SET character_set_client = utf8 */;
CREATE TABLE `UserVotes` (
  `UserVoteID` int(11) unsigned NOT NULL AUTO_INCREMENT,
  `UserID` int(11) DEFAULT NULL,
  `PollID` int(11) DEFAULT NULL,
  `Vote` tinyint(11) DEFAULT NULL,
  PRIMARY KEY (`UserVoteID`),
  UNIQUE KEY `UserID_PollID` (`UserID`,`PollID`)
) ENGINE=InnoDB AUTO_INCREMENT=2069 DEFAULT CHARSET=utf8;
/*!40101 SET character_set_client = @saved_cs_client */;

--
-- Dumping data for table `UserVotes`
--

LOCK TABLES `UserVotes` WRITE;
/*!40000 ALTER TABLE `UserVotes` DISABLE KEYS */;
INSERT INTO `UserVotes` VALUES (111,29,1,2),(112,29,2,1),(113,29,3,1),(114,29,4,1),(115,29,5,1),(116,29,6,2),(117,29,7,2),(118,29,8,1),(119,29,9,2),(120,29,10,2),(121,29,11,2),(122,29,12,2),(123,150,1,1),(124,150,2,1),(125,150,3,2),(126,150,4,1),(127,150,5,2),(128,150,6,1),(129,150,7,2),(130,150,8,2),(131,150,9,2),(132,150,10,2),(133,150,11,1),(134,150,12,1),(135,79,1,2),(136,79,2,1),(137,79,3,2),(138,79,4,2),(139,79,5,2),(140,79,6,2),(141,79,7,2),(142,79,8,2),(143,79,9,2),(144,79,10,2),(145,79,11,2),(146,79,12,2),(147,127,1,2),(148,127,2,2),(149,127,3,1),(150,127,4,2),(151,127,5,2),(152,127,6,2),(153,127,8,1),(154,127,9,2),(155,127,10,2),(156,127,11,1),(157,127,12,1),(158,291,1,1),(159,291,2,2),(160,291,3,1),(161,291,4,2),(162,291,5,1),(163,291,6,2),(164,291,7,2),(165,291,8,2),(166,291,9,2),(167,291,10,1),(168,291,11,1),(169,291,12,2),(170,20,1,2),(171,20,2,2),(172,20,3,2),(173,20,4,2),(174,20,5,2),(175,20,6,1),(176,20,7,2),(177,20,8,1),(178,20,9,2),(179,20,10,2),(180,20,11,1),(181,20,12,2),(182,257,1,2),(183,257,2,1),(184,257,3,2),(185,257,4,1),(186,257,5,2),(187,257,6,2),(188,257,7,1),(189,257,8,2),(190,257,9,1),(191,257,10,2),(192,257,11,2),(193,257,12,2),(194,4,1,1),(195,4,2,1),(196,4,3,1),(197,4,4,2),(198,4,5,2),(199,4,6,2),(200,4,7,1),(201,4,8,1),(202,4,9,2),(203,4,10,2),(204,4,11,2),(205,4,12,1),(206,214,1,2),(207,214,2,1),(208,214,3,2),(209,214,4,2),(210,214,5,2),(211,214,6,2),(212,214,7,2),(213,214,8,1),(214,214,9,1),(215,214,10,2),(216,214,11,2),(217,214,12,2),(218,408,1,1),(219,408,2,1),(220,408,3,1),(221,408,4,2),(222,408,5,1),(223,408,6,2),(224,408,7,1),(225,408,8,2),(226,408,9,2),(227,408,10,2),(228,408,11,1),(229,408,12,2),(230,98,1,1),(231,98,2,1),(232,98,3,2),(233,98,4,2),(234,98,5,1),(235,98,6,1),(236,98,7,1),(237,98,8,2),(238,98,9,2),(239,98,10,2),(240,98,11,2),(241,98,12,1),(242,385,1,2),(243,385,2,1),(244,385,3,1),(245,385,4,2),(246,385,5,2),(247,385,6,1),(248,385,7,2),(249,385,8,2),(250,385,9,1),(251,385,10,2),(252,385,11,2),(253,385,12,2),(254,263,1,1),(255,263,2,2),(256,263,3,1),(257,263,4,2),(258,263,5,2),(259,263,6,1),(260,263,7,1),(261,263,8,2),(262,263,9,2),(263,263,10,2),(264,263,11,1),(265,263,12,2),(266,68,1,1),(267,68,2,1),(268,68,3,2),(269,68,4,1),(270,68,5,1),(271,68,6,2),(272,68,7,2),(273,68,8,1),(274,68,9,2),(275,68,10,2),(276,68,11,1),(277,68,12,1),(278,104,1,2),(279,104,2,1),(280,104,3,2),(281,104,4,1),(282,104,5,2),(283,104,6,1),(284,104,7,1),(285,104,8,2),(286,104,9,2),(287,104,10,2),(288,104,11,1),(289,104,12,1),(290,40,1,1),(291,40,2,1),(292,40,3,2),(293,40,4,1),(294,40,5,2),(295,40,6,1),(296,40,7,1),(297,40,8,2),(298,40,9,2),(299,40,10,2),(300,40,11,1),(301,40,12,1),(302,187,1,2),(303,187,2,2),(304,187,3,2),(305,187,4,2),(306,187,5,2),(307,187,6,1),(308,187,7,1),(309,187,8,2),(310,187,9,2),(311,187,10,2),(312,187,11,1),(313,187,12,2),(314,97,1,1),(315,97,2,2),(316,97,3,1),(317,97,4,1),(318,97,5,2),(319,97,6,1),(320,97,7,2),(321,97,8,2),(322,97,9,2),(323,97,10,2),(324,97,11,1),(325,97,12,2),(326,3,1,1),(327,3,2,2),(328,3,3,1),(329,3,4,2),(330,3,5,2),(331,3,6,2),(332,3,7,1),(333,3,8,2),(334,3,9,2),(335,3,10,2),(336,3,11,1),(337,3,12,1),(338,409,1,1),(339,409,2,1),(340,409,3,2),(341,409,4,2),(342,409,5,1),(343,409,6,1),(344,409,7,1),(345,409,8,2),(346,409,9,1),(347,409,10,2),(348,409,11,1),(349,409,12,1),(350,37,1,2),(351,37,2,1),(352,37,3,2),(353,37,4,2),(354,37,5,2),(355,37,6,2),(356,37,7,2),(357,37,8,1),(358,37,9,1),(359,37,10,1),(360,37,11,2),(361,37,12,1),(362,298,1,2),(363,298,2,1),(364,298,3,2),(365,298,4,2),(366,298,5,1),(367,298,6,2),(368,298,7,1),(369,298,8,2),(370,298,9,2),(371,298,10,2),(372,298,11,2),(373,298,12,1),(374,255,1,1),(375,255,2,2),(376,255,3,1),(377,255,4,1),(378,255,5,1),(379,255,6,1),(380,255,7,2),(381,255,8,2),(382,255,9,1),(383,255,10,2),(384,255,11,1),(385,255,12,2),(386,32,1,2),(387,32,2,1),(388,32,3,2),(389,32,4,2),(390,32,5,2),(391,32,6,1),(392,32,7,1),(393,32,8,1),(394,32,9,1),(395,32,10,2),(396,32,11,1),(397,32,12,1),(398,254,2,1),(399,254,3,1),(400,254,4,1),(401,254,5,2),(402,254,6,1),(403,254,7,1),(404,254,8,2),(405,254,9,2),(406,254,10,2),(407,254,11,1),(408,254,12,1),(421,152,1,2),(422,152,2,1),(423,152,3,2),(424,152,4,1),(425,152,5,1),(426,152,6,2),(427,152,7,2),(428,152,8,2),(429,152,9,2),(430,152,10,2),(431,152,11,2),(432,152,12,1),(433,39,1,1),(434,39,2,2),(435,39,3,2),(436,39,4,2),(437,39,5,2),(438,39,6,1),(439,39,7,1),(440,39,8,2),(441,39,9,2),(442,39,10,2),(443,39,11,1),(444,39,12,2),(445,64,1,1),(446,64,2,1),(447,64,3,2),(448,64,4,2),(449,64,5,2),(450,64,6,1),(451,64,7,2),(452,64,8,2),(453,64,9,1),(454,64,10,2),(455,64,11,1),(456,64,12,1),(457,41,1,2),(458,41,2,1),(459,41,3,1),(460,41,4,2),(461,41,5,2),(462,41,6,1),(463,41,7,2),(464,41,8,2),(465,41,9,2),(466,41,10,2),(467,41,11,2),(468,41,12,1),(469,176,1,2),(470,176,2,1),(471,176,3,2),(472,176,4,2),(473,176,5,2),(474,176,6,1),(475,176,7,1),(476,176,8,2),(477,176,9,2),(478,176,10,2),(479,176,11,2),(480,176,12,1),(481,102,1,1),(482,102,2,2),(483,102,3,1),(484,102,4,2),(485,102,5,2),(486,102,6,1),(487,102,7,1),(488,102,8,2),(489,102,9,1),(490,102,10,2),(491,102,11,1),(492,102,12,1),(505,412,1,1),(506,412,2,1),(507,412,3,1),(508,412,4,1),(509,412,5,1),(510,412,6,2),(511,412,7,2),(512,412,8,1),(513,412,9,1),(514,412,10,1),(515,412,11,2),(516,412,12,1),(517,377,1,2),(518,377,2,1),(519,377,3,1),(520,377,4,1),(521,377,5,1),(522,377,6,2),(523,377,7,2),(524,377,8,1),(525,377,9,1),(526,377,10,1),(527,377,11,2),(528,377,12,1),(529,371,1,2),(530,371,2,1),(531,371,3,2),(532,371,4,1),(533,371,5,1),(534,371,6,2),(535,371,8,2),(536,371,9,1),(537,371,10,1),(538,371,11,2),(539,371,12,1),(540,372,1,2),(541,372,2,2),(542,372,3,2),(543,372,4,2),(544,372,5,2),(545,372,6,2),(546,372,7,1),(547,372,8,2),(548,372,9,2),(549,372,10,2),(550,372,11,2),(551,372,12,1),(563,170,1,2),(564,170,2,1),(565,170,3,2),(566,170,4,2),(567,170,5,1),(568,170,6,1),(569,170,7,2),(570,170,8,2),(571,170,9,2),(572,170,10,1),(573,170,11,2),(574,170,12,1),(575,414,1,1),(576,414,2,2),(577,414,3,2),(578,414,4,2),(579,414,5,1),(580,414,6,2),(581,414,7,1),(582,414,8,2),(583,414,9,2),(584,414,10,2),(585,414,11,1),(586,414,12,1),(587,300,1,2),(588,300,2,1),(589,300,3,1),(590,300,4,2),(591,300,5,1),(592,300,6,1),(593,300,7,2),(594,300,8,2),(595,300,9,2),(596,300,10,2),(597,300,11,2),(598,300,12,1),(599,168,1,2),(600,168,2,1),(601,168,3,2),(602,168,4,1),(603,168,5,1),(604,168,6,2),(605,168,7,1),(606,168,8,2),(607,168,9,2),(608,168,10,2),(609,168,11,2),(610,168,12,1),(611,177,1,2),(612,177,2,2),(613,177,3,1),(614,177,4,2),(615,177,5,2),(616,177,6,1),(617,177,7,1),(618,177,8,2),(619,177,9,2),(620,177,10,2),(621,177,11,1),(622,177,12,2),(623,416,1,1),(624,416,2,2),(625,416,3,2),(626,416,4,2),(627,416,5,2),(628,416,6,1),(629,416,7,1),(630,416,8,2),(631,416,9,2),(632,416,10,2),(633,416,11,1),(634,416,12,2),(635,172,1,1),(636,172,2,1),(637,172,3,2),(638,172,4,2),(639,172,5,2),(640,172,6,1),(641,172,7,2),(642,172,8,2),(643,172,9,2),(644,172,10,2),(645,172,11,1),(646,172,12,1),(647,115,1,1),(648,115,2,2),(649,115,3,2),(650,115,4,2),(651,115,5,2),(652,115,6,1),(653,115,7,1),(654,115,8,2),(655,115,9,2),(656,115,10,2),(657,115,11,1),(658,115,12,1),(659,240,1,2),(660,240,2,1),(661,240,3,2),(662,240,4,2),(663,240,5,2),(664,240,6,2),(665,240,7,2),(666,240,8,2),(667,240,9,2),(668,240,10,2),(669,240,11,1),(670,240,12,1),(671,116,1,2),(672,116,3,2),(673,116,4,2),(674,116,5,2),(675,116,6,1),(676,116,8,2),(677,116,9,2),(678,116,11,1),(679,116,12,1),(680,256,1,1),(681,256,2,2),(682,256,3,1),(683,256,4,2),(684,256,5,2),(685,256,6,1),(686,256,7,1),(687,256,8,1),(688,256,9,2),(689,256,10,2),(690,256,11,1),(691,256,12,1),(692,258,1,2),(693,258,2,1),(694,258,3,2),(695,258,4,2),(696,258,5,1),(697,258,6,2),(698,258,7,2),(699,258,8,2),(700,258,9,2),(701,258,10,2),(702,258,11,1),(703,258,12,1),(704,114,1,2),(705,114,2,1),(706,114,3,2),(707,114,4,2),(708,114,5,2),(709,114,6,1),(710,114,7,2),(711,114,8,1),(712,114,9,1),(713,114,10,2),(714,114,11,1),(715,114,12,1),(716,252,1,1),(717,252,2,2),(718,252,3,1),(719,252,4,2),(720,252,5,2),(721,252,6,2),(722,252,7,2),(723,252,8,1),(724,252,9,2),(725,252,10,2),(726,252,11,2),(727,252,12,1),(728,211,1,2),(729,211,2,1),(730,211,3,2),(731,211,4,2),(732,211,6,1),(733,211,7,2),(734,211,8,1),(735,211,9,1),(736,211,10,2),(737,211,11,1),(738,211,12,1),(739,33,1,2),(740,33,2,1),(741,33,3,2),(742,33,4,2),(743,33,5,1),(744,33,6,1),(745,33,7,2),(746,33,8,2),(747,33,9,2),(748,33,10,2),(749,33,11,1),(750,33,12,1),(751,171,1,1),(752,171,2,2),(753,171,3,1),(754,171,4,2),(755,171,5,2),(756,171,6,1),(757,171,7,2),(758,171,8,2),(759,171,9,2),(760,171,10,2),(761,171,11,1),(762,171,12,1),(763,202,1,2),(764,202,2,2),(765,202,3,2),(766,202,4,2),(767,202,5,2),(768,202,6,2),(769,202,7,1),(770,202,8,1),(771,202,9,2),(772,202,10,2),(773,202,11,1),(774,202,12,2),(775,380,1,1),(776,380,2,2),(777,380,3,2),(778,380,4,2),(779,380,5,2),(780,380,6,1),(781,380,7,2),(782,380,8,1),(783,380,9,1),(784,380,10,2),(785,380,11,1),(786,380,12,1),(787,354,1,2),(788,354,2,2),(789,354,3,1),(790,354,4,1),(791,354,5,2),(792,354,6,1),(793,354,7,1),(794,354,8,1),(795,354,9,1),(796,354,10,1),(797,354,11,1),(798,354,12,2),(799,185,1,1),(800,185,2,1),(801,185,3,2),(802,185,4,2),(803,185,5,2),(804,185,6,1),(805,185,7,1),(806,185,8,2),(807,185,9,2),(808,185,10,2),(809,185,11,2),(810,185,12,1),(811,186,1,2),(812,186,2,1),(813,186,3,1),(814,186,4,2),(815,186,5,2),(816,186,6,1),(817,186,7,1),(818,186,8,2),(819,186,9,2),(820,186,10,2),(821,186,11,1),(822,186,12,1),(823,396,1,1),(824,396,2,1),(825,396,3,2),(826,396,4,2),(827,396,5,1),(828,396,6,2),(829,396,7,2),(830,396,8,2),(831,396,9,2),(832,396,10,2),(833,396,11,1),(834,396,12,1),(835,118,1,2),(836,118,2,1),(837,118,3,2),(838,118,4,2),(839,118,5,1),(840,118,6,1),(841,118,7,2),(842,118,8,1),(843,118,9,2),(844,118,10,2),(845,118,11,1),(846,118,12,1),(847,87,1,1),(848,87,2,2),(849,87,3,2),(850,87,4,2),(851,87,5,2),(852,87,6,1),(853,87,7,2),(854,87,8,2),(855,87,9,1),(856,87,10,2),(857,87,11,2),(858,87,12,1),(859,112,1,2),(860,112,2,1),(861,112,3,2),(862,112,4,1),(863,112,5,1),(864,112,6,1),(865,112,7,1),(866,112,8,1),(867,112,9,2),(868,112,10,1),(869,112,11,2),(870,112,12,2),(871,125,1,2),(872,125,2,1),(873,125,3,2),(874,125,4,1),(875,125,5,1),(876,125,6,2),(877,125,7,2),(878,125,8,2),(879,125,9,2),(880,125,10,1),(881,125,11,2),(882,125,12,1),(883,188,1,2),(884,188,2,1),(885,188,3,2),(886,188,4,2),(887,188,5,2),(888,188,6,1),(889,188,7,1),(890,188,8,2),(891,188,9,2),(892,188,10,2),(893,188,11,1),(894,188,12,2),(895,314,1,2),(896,314,2,2),(897,314,3,1),(898,314,4,1),(899,314,5,1),(900,314,6,1),(901,314,7,2),(902,314,8,2),(903,314,9,1),(904,314,10,2),(905,314,11,2),(906,314,12,2),(907,237,1,2),(908,237,2,2),(909,237,3,1),(910,237,4,2),(911,237,5,2),(912,237,6,1),(913,237,7,1),(914,237,8,2),(915,237,9,2),(916,237,10,2),(917,237,11,1),(918,237,12,1),(919,261,1,2),(920,261,2,1),(921,261,3,2),(922,261,4,1),(923,261,5,2),(924,261,6,2),(925,261,7,2),(926,261,8,2),(927,261,9,1),(928,261,10,2),(929,261,11,2),(930,261,12,1),(931,266,1,2),(932,266,2,1),(933,266,3,2),(934,266,4,1),(935,266,5,1),(936,266,6,1),(937,266,7,1),(938,266,8,2),(939,266,9,2),(940,266,10,2),(941,266,11,1),(942,266,12,1),(943,243,1,2),(944,243,2,2),(945,243,3,1),(946,243,4,2),(947,243,5,2),(948,243,6,1),(949,243,7,1),(950,243,8,2),(951,243,9,2),(952,243,10,2),(953,243,11,2),(954,243,12,1),(967,244,1,1),(968,244,2,1),(969,244,3,1),(970,244,4,1),(971,244,5,2),(972,244,6,1),(973,244,7,1),(974,244,8,2),(975,244,9,1),(976,244,10,2),(977,244,11,1),(978,244,12,2),(979,236,1,1),(980,236,2,2),(981,236,3,1),(982,236,4,1),(983,236,5,2),(984,236,6,1),(985,236,7,2),(986,236,8,2),(987,236,9,1),(988,236,10,2),(989,236,11,1),(990,236,12,2),(991,151,1,2),(992,151,2,2),(993,151,3,2),(994,151,4,2),(995,151,5,2),(996,151,6,1),(997,151,7,1),(998,151,8,2),(999,151,9,2),(1000,151,10,2),(1001,151,11,1),(1002,151,12,1),(1003,88,1,2),(1004,88,2,1),(1005,88,3,2),(1006,88,4,2),(1007,88,5,2),(1008,88,6,1),(1009,88,7,2),(1010,88,9,2),(1011,88,10,2),(1012,88,11,2),(1013,88,12,1),(1014,70,1,1),(1015,70,2,2),(1016,70,3,2),(1017,70,4,2),(1018,70,5,1),(1019,70,6,2),(1020,70,7,2),(1021,70,8,2),(1022,70,9,2),(1023,70,10,2),(1024,70,11,1),(1025,70,12,1),(1026,162,2,1),(1027,162,3,2),(1028,162,4,1),(1029,162,5,2),(1030,162,6,1),(1031,162,7,2),(1032,162,8,2),(1033,162,9,2),(1034,162,10,2),(1035,162,11,1),(1036,162,12,1),(1037,398,1,1),(1038,398,2,2),(1039,398,3,2),(1040,398,4,2),(1041,398,5,2),(1042,398,6,2),(1043,398,7,1),(1044,398,8,1),(1045,398,9,2),(1046,398,10,2),(1047,398,11,2),(1048,398,12,1),(1049,232,1,2),(1050,232,2,2),(1051,232,3,2),(1052,232,4,2),(1053,232,5,1),(1054,232,6,1),(1055,232,7,1),(1056,232,8,2),(1057,232,9,2),(1058,232,10,2),(1059,232,11,1),(1060,232,12,2),(1061,25,1,1),(1062,25,2,2),(1063,25,3,1),(1064,25,4,2),(1065,25,5,2),(1066,25,6,1),(1067,25,7,1),(1068,25,8,2),(1069,25,9,2),(1070,25,10,2),(1071,25,11,1),(1072,25,12,1),(1073,304,1,2),(1074,304,2,1),(1075,304,3,2),(1076,304,4,2),(1077,304,5,2),(1078,304,6,1),(1079,304,7,2),(1080,304,8,2),(1081,304,9,2),(1082,304,10,2),(1083,304,11,1),(1084,304,12,1),(1085,26,1,2),(1086,26,2,1),(1087,26,3,1),(1088,26,4,2),(1089,26,5,1),(1090,26,6,1),(1091,26,7,1),(1092,26,8,2),(1093,26,9,2),(1094,26,10,2),(1095,26,11,1),(1096,26,12,2),(1097,139,1,2),(1098,139,2,1),(1099,139,3,2),(1100,139,4,2),(1101,139,5,1),(1102,139,6,2),(1103,139,7,2),(1104,139,8,2),(1105,139,9,1),(1106,139,10,1),(1107,139,11,2),(1108,139,12,1),(1109,134,1,1),(1110,134,2,2),(1111,134,3,2),(1112,134,4,2),(1113,134,5,2),(1114,134,6,2),(1115,134,7,2),(1116,134,8,2),(1117,134,9,1),(1118,134,10,2),(1119,134,11,2),(1120,134,12,2),(1121,376,1,1),(1122,376,2,2),(1123,376,3,2),(1124,376,4,2),(1125,376,5,2),(1126,376,6,1),(1127,376,7,2),(1128,376,8,2),(1129,376,9,1),(1130,376,10,2),(1131,376,11,1),(1132,376,12,1),(1133,383,1,1),(1134,383,2,2),(1135,383,3,2),(1136,383,4,2),(1137,383,5,2),(1138,383,6,2),(1139,383,7,1),(1140,383,8,2),(1141,383,9,1),(1142,383,10,1),(1143,383,11,1),(1144,383,12,2),(1157,419,1,2),(1158,419,2,1),(1159,419,3,2),(1160,419,4,1),(1161,419,5,2),(1162,419,6,2),(1163,419,7,2),(1164,419,8,1),(1165,419,9,2),(1166,419,10,1),(1167,419,11,2),(1168,419,12,2),(1169,410,1,2),(1170,410,2,1),(1171,410,3,1),(1172,410,4,2),(1173,410,5,1),(1174,410,6,1),(1175,410,7,1),(1176,410,8,2),(1177,410,9,1),(1178,410,10,1),(1179,410,11,2),(1180,410,12,2),(1181,420,1,2),(1182,420,2,2),(1183,420,3,1),(1184,420,4,2),(1185,420,5,2),(1186,420,6,2),(1187,420,7,1),(1188,420,8,1),(1189,420,9,2),(1190,420,10,2),(1191,420,11,2),(1192,420,12,2),(1193,209,1,2),(1194,209,2,1),(1195,209,3,1),(1196,209,4,2),(1197,209,5,2),(1198,209,6,1),(1199,209,7,1),(1200,209,8,2),(1201,209,9,1),(1202,209,10,2),(1203,209,11,2),(1204,209,12,2),(1205,267,1,2),(1206,267,2,1),(1207,267,3,2),(1208,267,4,2),(1209,267,5,1),(1210,267,6,2),(1211,267,7,1),(1212,267,8,2),(1213,267,9,1),(1214,267,10,2),(1215,267,11,2),(1216,267,12,1),(1217,228,1,1),(1218,228,2,2),(1219,228,3,2),(1220,228,4,2),(1221,228,5,2),(1222,228,6,2),(1223,228,7,1),(1224,228,8,2),(1225,228,9,2),(1226,228,10,2),(1227,228,11,2),(1228,228,12,1),(1229,17,1,2),(1230,17,2,2),(1231,17,3,2),(1232,17,4,2),(1233,17,5,2),(1234,17,6,1),(1235,17,7,1),(1236,17,8,2),(1237,17,9,1),(1238,17,10,2),(1239,17,11,1),(1240,17,12,2),(1241,90,1,2),(1242,90,2,2),(1243,90,3,2),(1244,90,4,1),(1245,90,5,1),(1246,90,6,1),(1247,90,7,2),(1248,90,8,2),(1249,90,9,2),(1250,90,10,2),(1251,90,11,1),(1252,90,12,2),(1253,421,1,2),(1254,421,2,2),(1255,421,3,2),(1256,421,4,2),(1257,421,5,2),(1258,421,6,1),(1259,421,7,1),(1260,421,8,1),(1261,421,9,2),(1262,421,10,2),(1263,421,11,1),(1264,421,12,1),(1265,422,1,1),(1266,422,2,2),(1267,422,3,2),(1268,422,4,2),(1269,422,5,2),(1270,422,6,2),(1271,422,7,1),(1272,422,8,2),(1273,422,9,2),(1274,422,10,2),(1275,422,11,2),(1276,422,12,1),(1277,403,1,2),(1278,403,2,1),(1279,403,3,2),(1280,403,4,2),(1281,403,5,2),(1282,403,6,1),(1283,403,7,1),(1284,403,8,2),(1285,403,9,1),(1286,403,10,2),(1287,403,11,2),(1288,403,12,1),(1289,178,1,1),(1290,178,2,1),(1291,178,3,1),(1292,178,4,1),(1293,178,5,2),(1294,178,6,2),(1295,178,7,2),(1296,178,8,2),(1297,178,9,2),(1298,178,10,2),(1299,178,11,1),(1300,178,12,2),(1301,16,1,2),(1302,16,2,2),(1303,16,3,1),(1304,16,4,2),(1305,16,5,2),(1306,16,6,2),(1307,16,7,2),(1308,16,8,2),(1309,16,9,2),(1310,16,10,2),(1311,16,11,1),(1312,16,12,2),(1313,390,1,2),(1314,390,2,2),(1315,390,3,2),(1316,390,4,1),(1317,390,5,2),(1318,390,6,1),(1319,390,7,2),(1320,390,8,2),(1321,390,9,2),(1322,390,10,2),(1323,390,11,2),(1324,390,12,1),(1325,346,1,2),(1326,346,2,1),(1327,346,3,2),(1328,346,4,2),(1329,346,5,2),(1330,346,6,1),(1331,346,7,2),(1332,346,8,2),(1333,346,9,2),(1334,346,10,1),(1335,346,11,1),(1336,346,12,2),(1337,107,1,1),(1338,107,2,2),(1339,107,3,2),(1340,107,4,2),(1341,107,5,1),(1342,107,6,1),(1343,107,7,1),(1344,107,8,1),(1345,107,9,2),(1346,107,10,2),(1347,107,11,1),(1348,107,12,1),(1349,35,1,2),(1350,35,2,2),(1351,35,3,2),(1352,35,4,2),(1353,35,5,2),(1354,35,6,1),(1355,35,7,1),(1356,35,8,2),(1357,35,9,2),(1358,35,10,2),(1359,35,11,1),(1360,35,12,2),(1361,38,1,1),(1362,38,2,2),(1363,38,3,1),(1364,38,4,1),(1365,38,5,2),(1366,38,6,1),(1367,38,7,2),(1368,38,8,1),(1369,38,9,1),(1370,38,10,2),(1371,38,11,1),(1372,38,12,1),(1373,225,1,1),(1374,225,2,1),(1375,225,3,2),(1376,225,4,2),(1377,225,5,2),(1378,225,6,1),(1379,225,7,1),(1380,225,8,2),(1381,225,9,2),(1382,225,10,1),(1383,225,11,1),(1384,225,12,1),(1385,10,1,1),(1386,10,2,2),(1387,10,3,1),(1388,10,4,2),(1389,10,5,2),(1390,10,6,1),(1391,10,7,1),(1392,10,8,2),(1393,10,9,2),(1394,10,10,2),(1395,10,11,1),(1396,10,12,2),(1397,219,1,2),(1398,219,2,1),(1399,219,3,2),(1400,219,4,2),(1401,219,5,1),(1402,219,6,1),(1403,219,7,2),(1404,219,8,2),(1405,219,9,1),(1406,219,10,2),(1407,219,11,1),(1408,219,12,1),(1409,393,1,2),(1410,393,2,1),(1411,393,3,2),(1412,393,4,2),(1413,393,5,1),(1414,393,6,2),(1415,393,7,2),(1416,393,8,2),(1417,393,9,2),(1418,393,10,2),(1419,393,11,2),(1420,393,12,2),(1421,333,1,2),(1422,333,2,2),(1423,333,3,2),(1424,333,4,1),(1425,333,5,2),(1426,333,6,2),(1427,333,7,2),(1428,333,8,2),(1429,333,9,2),(1430,333,10,2),(1431,333,11,1),(1432,333,12,2),(1433,175,1,2),(1434,175,2,2),(1435,175,3,1),(1436,175,4,2),(1437,175,5,1),(1438,175,6,2),(1439,175,7,2),(1440,175,8,1),(1441,175,9,2),(1442,175,10,1),(1443,175,11,2),(1444,175,12,1),(1445,203,1,2),(1446,203,2,1),(1447,203,3,1),(1448,203,4,2),(1449,203,5,2),(1450,203,6,1),(1451,203,7,2),(1452,203,8,2),(1453,203,9,2),(1454,203,10,2),(1455,203,11,1),(1456,203,12,2),(1457,220,1,1),(1458,220,2,1),(1459,220,3,2),(1460,220,4,2),(1461,220,5,1),(1462,220,6,2),(1463,220,7,1),(1464,220,8,2),(1465,220,9,2),(1466,220,10,2),(1467,220,11,2),(1468,220,12,1),(1469,174,1,1),(1470,174,2,2),(1471,174,3,2),(1472,174,4,2),(1473,174,5,2),(1474,174,6,1),(1475,174,7,1),(1476,174,8,2),(1477,174,9,2),(1478,174,10,2),(1479,174,11,1),(1480,174,12,1),(1481,262,1,1),(1482,262,2,1),(1483,262,3,2),(1484,262,4,2),(1485,262,5,1),(1486,262,6,1),(1487,262,7,2),(1488,262,8,1),(1489,262,9,1),(1490,262,10,2),(1491,262,11,1),(1492,262,12,1),(1493,423,1,2),(1494,423,2,1),(1495,423,3,1),(1496,423,4,2),(1497,423,5,2),(1498,423,6,1),(1499,423,7,1),(1500,423,8,2),(1501,423,9,1),(1502,423,10,2),(1503,423,11,1),(1504,423,12,1),(1505,246,1,2),(1506,246,2,2),(1507,246,3,2),(1508,246,4,2),(1509,246,5,1),(1510,246,6,1),(1511,246,7,2),(1512,246,8,1),(1513,246,9,2),(1514,246,10,2),(1515,246,11,1),(1516,246,12,1),(1517,30,1,2),(1518,30,2,2),(1519,30,3,2),(1520,30,4,2),(1521,30,5,2),(1522,30,6,1),(1523,30,7,2),(1524,30,8,2),(1525,30,9,2),(1526,30,10,2),(1527,30,11,1),(1528,30,12,1),(1529,276,1,2),(1530,276,2,2),(1531,276,3,2),(1532,276,4,2),(1533,276,5,2),(1534,276,6,1),(1535,276,7,1),(1536,276,8,2),(1537,276,9,2),(1538,276,10,2),(1539,276,11,1),(1540,276,12,2),(1541,95,1,2),(1542,95,2,1),(1543,95,3,2),(1544,95,4,1),(1545,95,5,2),(1546,95,6,1),(1547,95,7,1),(1548,95,8,2),(1549,95,9,2),(1550,95,10,2),(1551,95,11,2),(1552,95,12,1),(1553,265,1,1),(1554,265,2,2),(1555,265,3,2),(1556,265,4,2),(1557,265,5,2),(1558,265,6,2),(1559,265,7,2),(1560,265,8,2),(1561,265,9,1),(1562,265,10,1),(1563,265,11,1),(1564,265,12,1),(1565,234,1,2),(1566,234,2,1),(1567,234,3,1),(1568,234,4,2),(1569,234,5,2),(1570,234,6,1),(1571,234,7,1),(1572,234,8,2),(1573,234,9,2),(1574,234,10,2),(1575,234,11,1),(1576,234,12,2),(1577,370,1,2),(1578,370,2,1),(1579,370,3,1),(1580,370,4,1),(1581,370,5,1),(1582,370,6,1),(1583,370,7,1),(1584,370,8,1),(1585,370,9,1),(1586,370,10,1),(1587,370,11,2),(1588,370,12,1),(1589,72,1,1),(1590,72,2,2),(1591,72,3,2),(1592,72,4,2),(1593,72,5,2),(1594,72,6,2),(1595,72,7,2),(1596,72,8,1),(1597,72,9,2),(1598,72,10,2),(1599,72,11,2),(1600,72,12,1),(1601,424,1,2),(1602,424,2,2),(1603,424,3,2),(1604,424,4,2),(1605,424,5,2),(1606,424,6,2),(1607,424,7,2),(1608,424,8,2),(1609,424,9,1),(1610,424,10,2),(1611,424,11,2),(1612,424,12,1),(1613,250,1,1),(1614,250,2,2),(1615,250,3,1),(1616,250,4,2),(1617,250,5,2),(1618,250,6,1),(1619,250,7,1),(1620,250,8,2),(1621,250,9,2),(1622,250,10,2),(1623,250,11,2),(1624,250,12,2),(1661,413,1,2),(1662,413,2,2),(1663,413,3,1),(1664,413,4,1),(1665,413,5,1),(1666,413,6,1),(1667,413,7,1),(1668,413,8,1),(1669,413,9,2),(1670,413,10,1),(1671,413,11,2),(1672,413,12,1),(1673,426,1,2),(1674,426,2,2),(1675,426,3,2),(1676,426,4,1),(1677,426,5,2),(1678,426,6,1),(1679,426,7,1),(1680,426,8,2),(1681,426,9,2),(1682,426,10,2),(1683,426,11,1),(1684,426,12,2),(1697,356,1,1),(1698,356,2,2),(1699,356,3,2),(1700,356,4,2),(1701,356,5,2),(1702,356,6,2),(1703,356,7,1),(1704,356,8,1),(1705,356,9,2),(1706,356,10,2),(1707,356,11,2),(1708,356,12,1),(1709,2,1,1),(1710,2,2,2),(1711,2,3,2),(1712,2,4,2),(1713,2,5,2),(1714,2,6,1),(1715,2,7,1),(1716,2,8,2),(1717,2,9,2),(1718,2,10,2),(1719,2,11,1),(1720,2,12,2),(1721,427,1,2),(1722,427,2,1),(1723,427,3,2),(1724,427,4,1),(1725,427,5,2),(1726,427,6,2),(1727,427,7,1),(1728,427,8,2),(1729,427,9,1),(1730,427,10,2),(1731,427,11,1),(1732,427,12,2),(1733,428,1,2),(1734,428,2,1),(1735,428,3,2),(1736,428,4,1),(1737,428,5,2),(1738,428,6,1),(1739,428,7,1),(1740,428,8,2),(1741,428,9,1),(1742,428,10,2),(1743,428,11,1),(1744,428,12,2),(1745,429,1,2),(1746,429,2,2),(1747,429,3,2),(1748,429,4,1),(1749,429,5,2),(1750,429,6,1),(1751,429,7,1),(1752,429,8,2),(1753,429,9,1),(1754,429,10,2),(1755,429,11,1),(1756,429,12,2),(1757,142,1,2),(1758,142,2,1),(1759,142,3,1),(1760,142,4,2),(1761,142,5,2),(1762,142,6,1),(1763,142,7,2),(1764,142,8,2),(1765,142,9,1),(1766,142,10,2),(1767,142,11,2),(1768,142,12,2),(1769,312,1,2),(1770,312,2,1),(1771,312,3,2),(1772,312,4,2),(1773,312,5,1),(1774,312,6,1),(1775,312,7,2),(1776,312,8,1),(1777,312,9,1),(1778,312,10,2),(1779,312,11,2),(1780,312,12,2),(1781,430,1,2),(1782,430,2,1),(1783,430,3,2),(1784,430,4,2),(1785,430,5,1),(1786,430,6,1),(1787,430,7,2),(1788,430,8,2),(1789,430,9,2),(1790,430,10,2),(1791,430,11,2),(1792,430,12,1),(1793,345,1,2),(1794,345,2,2),(1795,345,3,2),(1796,345,4,1),(1797,345,5,1),(1798,345,6,2),(1799,345,7,1),(1800,345,8,1),(1801,345,9,2),(1802,345,10,2),(1803,345,11,2),(1804,345,12,1),(1805,221,1,1),(1806,221,2,2),(1807,221,3,2),(1808,221,4,2),(1809,221,5,1),(1810,221,6,2),(1811,221,7,1),(1812,221,8,1),(1813,221,9,2),(1814,221,10,2),(1815,221,11,1),(1816,221,12,1),(1817,180,1,2),(1818,180,2,2),(1819,180,3,2),(1820,180,4,1),(1821,180,5,2),(1822,180,6,2),(1823,180,7,2),(1824,180,8,2),(1825,180,9,2),(1826,180,10,1),(1827,180,11,2),(1828,180,12,1),(1829,179,1,1),(1830,179,2,2),(1831,179,3,2),(1832,179,4,2),(1833,179,5,2),(1834,179,6,2),(1835,179,7,1),(1836,179,8,2),(1837,179,9,2),(1838,179,10,2),(1839,179,11,1),(1840,179,12,1),(1841,386,1,1),(1842,386,2,2),(1843,386,3,2),(1844,386,4,2),(1845,386,5,1),(1846,386,6,2),(1847,386,7,1),(1848,386,8,2),(1849,386,9,2),(1850,386,10,2),(1851,386,11,1),(1852,386,12,1),(1853,192,1,2),(1854,192,2,1),(1855,192,3,1),(1856,192,4,2),(1857,192,5,1),(1858,192,6,2),(1859,192,7,2),(1860,192,8,2),(1861,192,9,2),(1862,192,10,2),(1863,192,11,2),(1864,192,12,1),(1865,154,1,2),(1866,154,2,1),(1867,154,3,1),(1868,154,4,1),(1869,154,5,2),(1870,154,6,2),(1871,154,7,2),(1872,154,8,2),(1873,154,9,2),(1874,154,10,2),(1875,154,11,1),(1876,154,12,1),(1877,325,1,2),(1878,325,2,2),(1879,325,3,2),(1880,325,4,1),(1881,325,5,2),(1882,325,6,1),(1883,325,7,1),(1884,325,8,2),(1885,325,9,2),(1886,325,10,1),(1887,325,11,2),(1888,325,12,1),(1889,306,1,2),(1890,306,2,1),(1891,306,3,2),(1892,306,4,1),(1893,306,5,2),(1894,306,6,1),(1895,306,7,2),(1896,306,8,2),(1897,306,9,1),(1898,306,10,2),(1899,306,11,1),(1900,306,12,1),(1901,308,1,2),(1902,308,2,1),(1903,308,3,2),(1904,308,4,2),(1905,308,5,1),(1906,308,6,2),(1907,308,7,2),(1908,308,8,2),(1909,308,9,2),(1910,308,10,2),(1911,308,11,2),(1912,308,12,1),(1913,110,1,2),(1914,110,2,1),(1915,110,3,2),(1916,110,4,1),(1917,110,5,1),(1918,110,6,2),(1919,110,7,2),(1920,110,8,2),(1921,110,9,1),(1922,110,10,2),(1923,110,11,1),(1924,110,12,1),(1925,120,1,1),(1926,120,2,2),(1927,120,3,1),(1928,120,4,2),(1929,120,5,2),(1930,120,6,1),(1931,120,7,2),(1932,120,8,2),(1933,120,9,2),(1934,120,10,2),(1935,120,11,1),(1936,120,12,2),(1937,431,1,2),(1938,431,2,1),(1939,431,3,2),(1940,431,4,2),(1941,431,5,1),(1942,431,6,1),(1943,431,7,1),(1944,431,8,2),(1945,431,9,1),(1946,431,10,2),(1947,431,11,2),(1948,431,12,1),(1949,433,1,1),(1950,433,2,2),(1951,433,3,1),(1952,433,4,2),(1953,433,5,2),(1954,433,6,1),(1955,433,7,2),(1956,433,8,1),(1957,433,9,2),(1958,433,10,2),(1959,433,11,1),(1960,433,12,1),(1961,22,1,1),(1962,22,2,1),(1963,22,3,1),(1964,22,4,2),(1965,22,5,2),(1966,22,6,1),(1967,22,7,1),(1968,22,8,2),(1969,22,9,2),(1970,22,10,2),(1971,22,11,1),(1972,22,12,2),(1973,249,1,2),(1974,249,2,2),(1975,249,3,2),(1976,249,4,2),(1977,249,5,2),(1978,249,6,1),(1979,249,7,2),(1980,249,8,2),(1981,249,9,2),(1982,249,10,2),(1983,249,11,2),(1984,249,12,1),(1985,434,1,2),(1986,434,2,1),(1987,434,3,1),(1988,434,4,2),(1989,434,5,2),(1990,434,6,1),(1991,434,7,2),(1992,434,8,2),(1993,434,9,1),(1994,434,10,2),(1995,434,11,1),(1996,434,12,1),(1997,436,1,1),(1998,436,2,1),(1999,436,3,1),(2000,436,4,2),(2001,436,5,2),(2002,436,6,1),(2003,436,7,1),(2004,436,8,2),(2005,436,9,1),(2006,436,10,2),(2007,436,11,1),(2008,436,12,2),(2009,437,1,1),(2010,437,2,2),(2011,437,3,1),(2012,437,4,1),(2013,437,5,2),(2014,437,6,2),(2015,437,7,2),(2016,437,8,2),(2017,437,9,2),(2018,437,10,1),(2019,437,11,2),(2020,437,12,2),(2021,438,1,1),(2022,438,2,2),(2023,438,3,2),(2024,438,4,2),(2025,438,5,2),(2026,438,6,1),(2027,438,7,2),(2028,438,8,1),(2029,438,9,2),(2030,438,10,2),(2031,438,11,2),(2032,438,12,1),(2033,210,1,1),(2034,210,2,2),(2035,210,3,1),(2036,210,4,2),(2037,210,5,2),(2038,210,6,2),(2039,210,7,1),(2040,210,8,2),(2041,210,9,2),(2042,210,10,2),(2043,210,11,2),(2044,210,12,1),(2045,31,1,2),(2046,31,2,1),(2047,31,3,2),(2048,31,4,2),(2049,31,5,2),(2050,31,6,1),(2051,31,7,1),(2052,31,8,2),(2053,31,9,2),(2054,31,10,2),(2055,31,11,1),(2056,31,12,2),(2057,439,1,2),(2058,439,2,2),(2059,439,3,1),(2060,439,4,2),(2061,439,5,2),(2062,439,6,2),(2063,439,7,2),(2064,439,8,2),(2065,439,9,1),(2066,439,10,2),(2067,439,11,1),(2068,439,12,2);
/*!40000 ALTER TABLE `UserVotes` ENABLE KEYS */;
UNLOCK TABLES;

--
-- Table structure for table `Users`
--

DROP TABLE IF EXISTS `Users`;
/*!40101 SET @saved_cs_client     = @@character_set_client */;
/*!40101 SET character_set_client = utf8 */;
CREATE TABLE `Users` (
  `UserID` int(11) unsigned NOT NULL AUTO_INCREMENT,
  `FirstName` varchar(255) DEFAULT NULL,
  `LastName` varchar(255) DEFAULT NULL,
  `Email` varchar(255) DEFAULT NULL,
  `Validated` tinyint(1) DEFAULT '0',
  `PollResult` tinyint(2) DEFAULT NULL,
  `Started` datetime DEFAULT NULL,
  `Completed` datetime DEFAULT NULL,
  PRIMARY KEY (`UserID`),
  KEY `FirstNameLastName` (`FirstName`,`LastName`),
  KEY `Validated` (`Validated`)
) ENGINE=InnoDB AUTO_INCREMENT=440 DEFAULT CHARSET=utf8;
/*!40101 SET character_set_client = @saved_cs_client */;

--
-- Dumping data for table `Users`
--

LOCK TABLES `Users` WRITE;
/*!40000 ALTER TABLE `Users` DISABLE KEYS */;
INSERT INTO `Users` VALUES (1,'Thomas','Ingram','thomasfingram@gmail.com',1,NULL,'2014-09-12 11:52:52',NULL),(2,'Chad','Ritchie','critchie@alexandercountync.gov',1,11,'2014-09-13 08:43:58','2014-09-13 08:47:47'),(3,'Jon','Reece','jon.reece@websitepipeline.com',1,10,'2014-09-12 08:41:26','2014-09-12 08:44:25'),(4,'Kristin','Brown','kristinelise.brown@gmail.com',1,7,'2014-09-12 08:25:20','2014-09-12 08:28:38'),(5,'Matt','Gleason','matt.gleason@websitepipeline.com',0,NULL,NULL,NULL),(6,'Darryl','N Parker Jr','darryl@parkerweb.com',0,NULL,NULL,NULL),(7,'Patrick','Graham','pabreetzio@gmail.com',0,NULL,NULL,NULL),(8,'Chris','Moyer','chris@milieu.us',0,NULL,NULL,NULL),(9,'Bill','McCown','bill@theideapeople.com',0,NULL,NULL,NULL),(10,'Wilber','Lio','wilberlio@gmail.com',1,10,'2014-09-12 16:52:35','2014-09-12 16:56:06'),(11,'Andrew','Holloway','andrew.holloway@untropy.net',1,NULL,'2014-09-12 11:52:21',NULL),(12,'Steven','Kwon','stvkwon@gmail.com',0,NULL,NULL,NULL),(13,'Richard','Kim','huichanyi@gmail.com',0,NULL,NULL,NULL),(14,'Tim','Cheadle','tim@rationalmeans.com',0,NULL,NULL,NULL),(15,'Leif','Wells','leif.wells@gmail.com',0,NULL,NULL,NULL),(16,'Christina','Lall','christinalallux@gmail.com',1,7,'2014-09-12 14:55:36','2014-09-12 14:59:49'),(17,'Richard','Groves','englishinvader@gmail.com',1,9,'2014-09-12 14:44:22','2014-09-12 14:47:38'),(18,'Diana','Stewart','thechiclife@gmail.com',0,NULL,NULL,NULL),(19,'Scott','Lundgren ','me@scottelundgren.com',0,NULL,NULL,NULL),(20,'Assaf','Weinberg','assafweinberg@gmail.com',1,8,'2014-09-12 08:23:09','2014-09-12 08:25:53'),(21,'aaron','gess','aaron@gessworld.com',0,NULL,NULL,NULL),(22,'Marco','Wright','marcomwright@gmail.com',1,9,'2014-09-13 13:40:52','2014-09-13 13:43:44'),(23,'Catherine','Garcia ','catffeine@gmail.com',0,NULL,NULL,NULL),(24,'Eric','P Rainville','TheBlueDog@gmail.com',0,NULL,NULL,NULL),(25,'Erich','Rainville','thebluedog@gmail.com',1,11,'2014-09-12 13:43:58','2014-09-12 13:48:49'),(26,'Austin','Grigg','austin@kaloncreative.com',1,7,'2014-09-12 13:49:12','2014-09-12 13:52:14'),(27,'Kyle','Roderick','kyle.roderick@gmail.com',1,NULL,'2014-09-12 12:35:32',NULL),(28,'Tessa','Harmon','tessa@skookum.com',0,NULL,NULL,NULL),(29,'Jeremiah','Calvino','jc@blendimc.com',1,2,'2014-09-12 08:15:19','2014-09-12 08:18:04'),(30,'Brian','Nicholson','brian.nicholson@gmail.com',1,10,'2014-09-12 17:52:37','2014-09-12 17:59:32'),(31,'Naomi','Ledgerwood','naomi@blendimc.com',1,9,'2014-09-13 15:21:57','2014-09-13 15:25:37'),(32,'Danny','Gugger','dan@blendimc.com',1,8,'2014-09-12 08:47:41','2014-09-12 08:50:09'),(33,'Ben','Camp','ben@blendimc.com',1,8,'2014-09-12 10:54:37','2014-09-12 10:57:50'),(34,'Marc','Tanis','marc@blendimc.com',0,NULL,NULL,NULL),(35,'Olivia','Mueller','olivia@blendimc.com',1,10,'2014-09-12 15:45:44','2014-09-12 15:49:16'),(36,'James','Houchin','james@blendimc.com',0,NULL,NULL,NULL),(37,'Tim','Halloran','tim@blendimc.com',1,4,'2014-09-12 08:42:52','2014-09-12 08:45:45'),(38,'Stephen','Booth','baristabooth@gmail.com',1,7,'2014-09-12 15:48:46','2014-09-12 15:51:32'),(39,'Nate','Andrew','nate@blendimc.com',1,11,'2014-09-12 08:47:56','2014-09-12 08:54:15'),(40,'Alex','Miranda','alex@blendimc.com',1,10,'2014-09-12 08:34:58','2014-09-12 08:38:06'),(41,'Jeff','Andrew','jeff@blendimc.com',1,7,'2014-09-12 08:56:56','2014-09-12 08:59:11'),(42,'Dan','Leach','dan.leach@blendimc.com',0,NULL,NULL,NULL),(43,'Justin','Garrick','jgarrick@skookum.com',0,NULL,NULL,NULL),(44,'Eric','LaForce','eric@skookum.com',0,NULL,NULL,NULL),(45,'Andrew','Gertig','agertig@skookum.com',0,NULL,NULL,NULL),(46,'David','Becher','david@skookum.com',0,NULL,NULL,NULL),(47,'Mike','Drabic','mdrabic@skookum.com',0,NULL,NULL,NULL),(48,'Daniel','Flowers','dflowers@skookum.com',0,NULL,NULL,NULL),(49,'Mike','Scully','mscully@skookum.com',0,NULL,NULL,NULL),(50,'Jonathan','Miller','jonathan@skookum.com',0,NULL,NULL,NULL),(51,'Keith','Laforce','keith@skookum.com',0,NULL,NULL,NULL),(52,'Joe','Ryan','joe@skookum.com',0,NULL,NULL,NULL),(53,'Marisa','Akers','marisa@skookum.com',0,NULL,NULL,NULL),(54,'Matt','Carter','matt@skookum.com',0,NULL,NULL,NULL),(55,'Pedro','Rodriguez','pedro@skookum.com',0,NULL,NULL,NULL),(56,'Heather','Scott','heather@skookum.com',0,NULL,NULL,NULL),(57,'Jeremy ','Coggin','jeremy@skookum.com',0,NULL,NULL,NULL),(58,'James','Wyler','jwyler@skookum.com',0,NULL,NULL,NULL),(59,'Patrick ','Laughlin','plaughlin@skookum.com',0,NULL,NULL,NULL),(60,'Melissa','Shields','mshields@skookum.com',0,NULL,NULL,NULL),(61,'Corey','Daniels','corey@skookum.com',0,NULL,NULL,NULL),(62,'Mel','Shields','mshields@skookum.com',0,NULL,NULL,NULL),(63,'Corey','Daniels','corey@skookum.com',0,NULL,NULL,NULL),(64,'Antonio','Livingston','aliving631@gmail.com',1,9,'2014-09-12 08:52:57','2014-09-12 08:55:12'),(65,'Antonio','Livingston','aliving631@gmail.com',0,NULL,NULL,NULL),(66,'Antonio','Livingston','aliving631@gmail.com',0,NULL,NULL,NULL),(67,'Julie','Clarkson','jjclarkson@superflywebdesigns.com',0,NULL,NULL,NULL),(68,'Edman','Goodrich','egoodrich@riscnetworks.com',1,6,'2014-09-12 08:32:48','2014-09-12 08:35:41'),(69,'Edman','Goodrich','egoodrich@riscnetworks.com',0,NULL,NULL,NULL),(70,'Melissa','Rose','haltonrose@gmail.com',1,9,'2014-09-12 13:37:34','2014-09-12 13:41:38'),(71,'Melissa','Rose','missy.rose@aciworldwide.com',0,NULL,NULL,NULL),(72,'Dane','Bertram','dbertram@gmail.com',1,8,'2014-09-12 20:48:08','2014-09-12 20:50:26'),(73,'Dane','Bertram','dbertram@gmail.com',0,NULL,NULL,NULL),(74,'Karen','Landis','kllandis@gmail.com',0,NULL,NULL,NULL),(75,'Karen','Landis','kllandis@gmail.com',0,NULL,NULL,NULL),(76,'Giovanni','Ulloa','giovanni.ulloa@ally.com',0,NULL,NULL,NULL),(77,'Adam','Wishneusky','adam@fogcreek.com',0,NULL,NULL,NULL),(78,'Adam','Wishneusky','adam@fogcreek.com',0,NULL,NULL,NULL),(79,'Stacy','Gray','stacy.gray@doctordireectory.com',1,6,'2014-09-12 08:18:38','2014-09-12 08:21:14'),(80,'Stacy','Gray','stacy.gray@doctordirectory.com',0,NULL,NULL,NULL),(81,'Scott','Baker','scott@coca-cola.com',0,NULL,NULL,NULL),(82,'Ian','Schneider','ian@coca-cola.com',0,NULL,NULL,NULL),(83,'Scott','Baker','scott@coca-cola.com',0,NULL,NULL,NULL),(84,'Ian','Schneider','ian@coca-cola.com',0,NULL,NULL,NULL),(85,'Scott','Baker','scott@coca-cola.com',0,NULL,NULL,NULL),(86,'Ian','Schnedier','ian@coca-cola.com',0,NULL,NULL,NULL),(87,'Nicole','Dominguez','nicoledominguez@me.com',1,9,'2014-09-12 11:45:39','2014-09-12 11:48:10'),(88,'Jim','Snodgrass','snodgrass23@gmail.com',1,7,'2014-09-12 13:34:42','2014-09-12 13:37:55'),(89,'Jennette','Fulda','jenful@jenful.com',0,NULL,NULL,NULL),(90,'Brett','Huff','huffsalot@gmail.com',1,7,'2014-09-12 14:46:43','2014-09-12 14:52:01'),(91,'Brett','Huff','huffbr@fogcreek.com',0,NULL,NULL,NULL),(92,'Jared','Egbert','jegbert@healthequity.com',1,NULL,'2014-09-12 11:08:46',NULL),(93,'Jared','Egbert','jegbert@healthequity.com',0,NULL,NULL,NULL),(94,'Shannon','Moelhave','shannon@moelhave.com',0,NULL,NULL,NULL),(95,'Dan','Shaw','shaw.dan@gmail.com',1,8,'2014-09-12 20:01:37','2014-09-12 20:04:02'),(96,'Jay','Wyche','jwyche1@bloomberg.net',0,NULL,NULL,NULL),(97,'Melissa','Stoltzfus ','missystoltzfus@gmail.com',1,8,'2014-09-12 08:39:16','2014-09-12 08:42:35'),(98,'Ben','Hegarty','benhegarty@me.com',1,9,'2014-09-12 08:28:27','2014-09-12 08:31:29'),(99,'Courtney','Donnelly','courtney.donnelly@mindbodyonline.com',0,NULL,NULL,NULL),(100,'Jessica','Goddard','jgoddard013@gmail.com',0,NULL,NULL,NULL),(101,'Jessica','Goddard','jgoddard013@gmail.com',0,NULL,NULL,NULL),(102,'Brittany','Golden','birdiegolden@gmail.com',1,10,'2014-09-12 08:57:26','2014-09-12 09:00:00'),(103,'Patrick','Marsceill','marsceill@happycog.com',0,NULL,NULL,NULL),(104,'Chris','Avenick','cavenick@frontlinetechnologies.com',1,9,'2014-09-12 08:35:19','2014-09-12 08:37:42'),(105,'Max','Fenton','max@maxfenton.com',0,NULL,NULL,NULL),(106,'Chris','Chernoff','chrischernoff@gmail.com',0,NULL,NULL,NULL),(107,'Allyson','Lubimir','allyson@fogcreek.com',1,10,'2014-09-12 15:38:35','2014-09-12 15:41:52'),(108,'Allyson','Lubimir','allyson@fogcreek.com',0,NULL,NULL,NULL),(109,'Katie','Kovalcin','create@katekovalcin.com',0,NULL,NULL,NULL),(110,'Margaret','Hudacko','huck@ncsu.edu',1,5,'2014-09-13 12:02:59','2014-09-13 12:05:14'),(111,'Aaron','Gray','aaron@hellometa.com',0,NULL,NULL,NULL),(112,'Racine','Davis','racine@racinedavis.com',1,4,'2014-09-12 12:33:06','2014-09-12 12:35:17'),(113,'Racine','Davis','racine@racinedavis.com',0,NULL,NULL,NULL),(114,'Christine','Della Penna','cdellapenna@nacs.org',1,7,'2014-09-12 10:23:34','2014-09-12 10:25:36'),(115,'Wesley','Meacham','wmeacham@newdawn.com',1,12,'2014-09-12 09:55:01','2014-09-12 09:59:33'),(116,'Will','Swick','willswick@gmail.com',1,8,'2014-09-12 10:01:16','2014-09-12 10:04:38'),(117,'Keith','Hearns','khearns@riis.com',0,NULL,NULL,NULL),(118,'Van','Wilson','van.wilson1992@alumni.unc.edu',1,7,'2014-09-12 11:42:11','2014-09-12 11:44:48'),(119,'Patricia','Alman','patty@treetop.us',0,NULL,NULL,NULL),(120,'Darrell','Estabrook','destabrook@singlestoneconsulting.com',1,9,'2014-09-13 12:31:28','2014-09-13 12:33:39'),(121,'Darrell','Estabrook','destabrook@singlestoneconsulting.com',0,NULL,NULL,NULL),(122,'Ray','Costanzo ','rcostanzo@frontlinetechnologies.com',1,NULL,'2014-09-12 10:54:10',NULL),(123,'Matthew','Arana','matt.arana@ssbbartgroup.com',0,NULL,NULL,NULL),(124,'William','McKee','william@knowmad.com',0,NULL,NULL,NULL),(125,'Mark','Rondina','mrondina@gmail.com',1,4,'2014-09-12 12:33:48','2014-09-12 12:36:59'),(126,'Mark','Rondina','mark.rondina@ge.com',0,NULL,NULL,NULL),(127,'Ellen','Lynch','ellenclynch@gmail.com',1,7,'2014-09-12 08:18:41','2014-09-12 08:21:40'),(128,'David','Lines','dlines@lexile.com',0,NULL,NULL,NULL),(129,'Melissa','Valentine','mksmoda@gmail.com',0,NULL,NULL,NULL),(130,'Chetan','Amalean','chetan@digitalsaber.net',0,NULL,NULL,NULL),(131,'Roger','Hutcheson','Roger@digitalsaber.net',0,NULL,NULL,NULL),(132,'Chet','Amalean','chet@digitalsaber.net',0,NULL,NULL,NULL),(133,'Chris','Ballance','blendconf@ballance.it',1,NULL,'2014-09-12 11:03:55',NULL),(134,'Rob','Luke','robluke21@hotmail.com',1,7,'2014-09-12 13:57:00','2014-09-12 13:59:35'),(135,'Steve','Davis','sdavis@skookum.com',0,NULL,NULL,NULL),(136,'Levi','Flair','levi@leviflair.com',0,NULL,NULL,NULL),(137,'Mark','Bellaire','markb@knowclassic.com',0,NULL,NULL,NULL),(138,'Dan','House','danh@knowclassic.com',0,NULL,NULL,NULL),(139,'Bernard','Yu','hello@bernardyu.com',1,4,'2014-09-12 13:55:00','2014-09-12 13:57:36'),(140,'Andy','Gloege','andrew.t.gloege@wellsfargo.com',0,NULL,NULL,NULL),(141,'Bryan','Stalcup','bryans@knowclassic.com',0,NULL,NULL,NULL),(142,'Alison','Snodgrass','alie.snodgrass@gmail.com',1,5,'2014-09-13 10:36:53','2014-09-13 10:39:20'),(143,'David','Shackelford','dave@addshoppers.com',0,NULL,NULL,NULL),(144,'Neil','Camm','neil.camm@csiweb.com',0,NULL,NULL,NULL),(145,'Glenwood','Morris','glenwoodabt@gmail.com',1,NULL,'2014-09-12 12:38:47',NULL),(146,'Jack','Wilson','jack@knowdebt.org',0,NULL,NULL,NULL),(147,'Anna','Eaglin','ameaglin@gmail.com',0,NULL,NULL,NULL),(148,'Shannon','Hager','sirshannon@gmail.com',0,NULL,NULL,NULL),(149,'Shannon','Hager','sirshannon@gmail.com',0,NULL,NULL,NULL),(150,'Graham','Langdon','photehepson@gmail.com',1,9,'2014-09-12 08:15:08','2014-09-12 08:19:58'),(151,'Lauren','Smith','larsmith11@gmail.com',1,11,'2014-09-12 13:34:02','2014-09-12 13:36:44'),(152,'Josh','Everhart','josh@elevate.co',1,5,'2014-09-12 08:49:47','2014-09-12 08:52:49'),(153,'A.J.','Kandy','ajkandy@gmail.com',0,NULL,NULL,NULL),(154,'Jason','Curry','jason@mrostop.com',1,6,'2014-09-13 11:37:55','2014-09-13 11:41:47'),(155,'Thien','Nguyen','tnguyen@prometheusgroup.com',0,NULL,NULL,NULL),(156,'Marc','Denning','mdenning@prometheusgroup.com',0,NULL,NULL,NULL),(157,'Tyler','McCraw','tmccraw@prometheusgroup.com',0,NULL,NULL,NULL),(158,'James','Carroll','jcarroll@prometheusgroup.com',0,NULL,NULL,NULL),(159,'James','McGinn','jmcginn@livhaven.com',0,NULL,NULL,NULL),(160,'Amy','Hendrix','',0,NULL,NULL,NULL),(161,'David','Hodgson','davidh@fogcreek.com',0,NULL,NULL,NULL),(162,'Dan','Herbst','dan.herbst@lfg.com',1,8,'2014-09-12 13:40:42','2014-09-12 13:44:25'),(163,'Anthony','Colangelo','me@acolangelo.com',0,NULL,NULL,NULL),(164,'Jim','Green','trickitty@gmail.com',0,NULL,NULL,NULL),(165,'Carey','S Walberg','carey.s.walberg@ampf.com',0,NULL,NULL,NULL),(166,'Brian','Steele','brian.steele@ampf.com',0,NULL,NULL,NULL),(167,'Les','Stroud','les@lesstroud.com',0,NULL,NULL,NULL),(168,'areba','bennett','arebabennett@gmail.com',1,6,'2014-09-12 09:46:48','2014-09-12 09:51:02'),(169,'Julie','Taylor','juliepixels@gmail.com',0,NULL,NULL,NULL),(170,'Natasha','Irizarry','nat.irizarry@gmail.com',1,6,'2014-09-12 09:10:57','2014-09-12 09:13:22'),(171,'Andrew','Norcross','norcross@reaktivstudios.com',1,10,'2014-09-12 10:55:44','2014-09-12 10:58:13'),(172,'Joaquin','Keno Vigil','kvigil@webmd.net',1,10,'2014-09-12 09:56:25','2014-09-12 09:59:02'),(173,'Ramu','Pulipati','ramupulipati@alphaworld.com',0,NULL,NULL,NULL),(174,'Babak','Keyvani','babak.keyvani@cpcc.edu',1,12,'2014-09-12 17:00:27','2014-09-12 17:05:28'),(175,'Ben','MacNeill','ben.macneill@gmail.com',1,4,'2014-09-12 16:58:32','2014-09-12 17:02:01'),(176,'Natasha','Dykes','tashwin007@gmail.com',1,9,'2014-09-12 08:56:11','2014-09-12 08:59:20'),(177,'Chris','Emery','chrisemery@gmail.com',1,9,'2014-09-12 09:50:32','2014-09-12 09:54:33'),(178,'Lindy','Dobbins','lindy@lindydobbins.com',1,6,'2014-09-12 14:55:47','2014-09-12 14:58:44'),(179,'Christine','Weber','chrisrine_weber@me.com',1,11,'2014-09-13 11:36:15','2014-09-13 11:39:21'),(180,'Gareth','Jones','rv@garethdjones.com',1,6,'2014-09-13 11:33:42','2014-09-13 11:37:20'),(181,'CJ','Toscano','cj@shutterbrain.com',0,NULL,NULL,NULL),(182,'Marc','Denning','marc.denning@gmail.com',0,NULL,NULL,NULL),(183,'James','Rotering','jr@blendimc.com',1,NULL,'2014-09-12 14:48:26',NULL),(184,'Nicholas','Romero','nromero@us.ibm.com',0,NULL,NULL,NULL),(185,'Mike','Higginbotham','mikehigginbotham@hotmail.com',1,10,'2014-09-12 11:39:09','2014-09-12 11:43:26'),(186,'Douglas','Brown','dsbrown@attglobal.net',1,9,'2014-09-12 11:39:35','2014-09-12 11:43:32'),(187,'Erin','Klinthong','erin.klinthong@gmail.com',1,10,'2014-09-12 08:35:53','2014-09-12 08:39:11'),(188,'Danny','Mecca','danny.mecca@websitepipeline.com',1,9,'2014-09-12 13:04:57','2014-09-12 13:09:06'),(189,'Steve','Magee','steve.magee@websitepipeline.com',0,NULL,NULL,NULL),(190,'Gary','Lamb','gary.lamb@websitepipeline.com',0,NULL,NULL,NULL),(191,'John Mark','Smotherman','john.smotherman@websitepipeline.com',0,NULL,NULL,NULL),(192,'Dan','Pennell','dpennell@showmethesite.com',1,5,'2014-09-13 11:35:35','2014-09-13 11:39:47'),(193,'Eric','Johnston','eric.johnston@websitepipeline.com',0,NULL,NULL,NULL),(194,'Yukiko','Norton','yukiko.g.norton@ampf.com',0,NULL,NULL,NULL),(195,'Scott','Childs','scottc@knowclassic.com',0,NULL,NULL,NULL),(196,'Greg','Bajan','greg.bajan@gmail.com',0,NULL,NULL,NULL),(197,'Doug','Corbett','dcorbett@solid-logic.com',1,NULL,'2014-09-12 10:03:46',NULL),(198,'Doug','Corbett','dcorbett@solid-logic.com',0,NULL,NULL,NULL),(199,'John','Manning','jmanning@wrayward.com',0,NULL,NULL,NULL),(200,'Amy','Scaggs','ascaggs@wrayward.com',0,NULL,NULL,NULL),(201,'Elaine','Borgmeier','eborgmeier@wrayward.com',0,NULL,NULL,NULL),(202,'Marty','Helmick','info@martyhelmick.com',1,8,'2014-09-12 10:57:44','2014-09-12 11:02:41'),(203,'Ruth','Martin','rumartin@yahoo-inc.com',1,7,'2014-09-12 17:01:12','2014-09-12 17:03:45'),(204,'Chris','Gagliardo','christopher.g.gagliardo@bankofamerica.com',0,NULL,NULL,NULL),(205,'Richard','McCollister','richard.mccollister@gmail.com',0,NULL,NULL,NULL),(206,'Matt','Pusateri','matt@flyingdogcreative.com',0,NULL,NULL,NULL),(207,'Paula','Patton Bryant','paula.j.patton@bankofamerica.com',0,NULL,NULL,NULL),(208,'Faye','Cheadle','faye@rationalmeans.com',0,NULL,NULL,NULL),(209,'Stephen','Pestian','spestian@gmail.com',1,6,'2014-09-12 14:31:35','2014-09-12 14:34:18'),(210,'Wes','Grollmus','wesg92@gmail.com',1,9,'2014-09-13 14:51:48','2014-09-13 14:54:11'),(211,'Stephanie','Macall','smacall@intelichart.com',1,6,'2014-09-12 10:51:29','2014-09-12 10:54:16'),(212,'Stephanie','Macall','smacall@intelichart.com',0,NULL,NULL,NULL),(213,'Greg','Dizzia','gregdizzia@gmail.com',0,NULL,NULL,NULL),(214,'Russell','Lephew','russ@ibgdg.com',1,4,'2014-09-12 08:26:25','2014-09-12 08:29:07'),(215,'Stacey','Lathem','stacey@bluekeyinc.com',0,NULL,NULL,NULL),(216,'Creedence','Bagwell','creedence@bluekeyinc.com',0,NULL,NULL,NULL),(217,'Jeremy','Forehand','jeremy@bluekeyinc.com',0,NULL,NULL,NULL),(218,'Michael','Woelfel','woelfelm@gmail.com',0,NULL,NULL,NULL),(219,'Doug','Riley','doug.riley@live.com',1,7,'2014-09-12 16:55:36','2014-09-12 16:58:27'),(220,'Rebecca','Riley','rbitfrog@gmail.com',1,8,'2014-09-12 17:01:54','2014-09-12 17:04:49'),(221,'Ben','Westmoreland','ben.westmoreland@amwins.com',1,9,'2014-09-13 11:32:54','2014-09-13 11:35:21'),(222,'Marty','Elvidge','marty.elvidge@amwins.com',0,NULL,NULL,NULL),(223,'Allison','Varner','allison.varner@amwins.com',0,NULL,NULL,NULL),(224,'James','O\'Neill','jim@pixelsforhumans.com',0,NULL,NULL,NULL),(225,'Andy','Baay','anbaay@davidson.edu',1,10,'2014-09-12 16:52:15','2014-09-12 16:55:59'),(226,'Sophia ','Smith','sosmith@davidson.edu',0,NULL,NULL,NULL),(227,'Christian','Hatch','chhatch@davidson.edu',0,NULL,NULL,NULL),(228,'Ian','Thomson','iathomson@davidson.edu',1,10,'2014-09-12 14:32:19','2014-09-12 14:35:44'),(229,'Jon','Reece','jon.reece@websitepipeline.com',0,NULL,NULL,NULL),(230,'Kristin','Brown','kristin.brown@websitepipeline.com',0,NULL,NULL,NULL),(231,'Matt','Gleason','matt.gleason@websitepipeline.com',0,NULL,NULL,NULL),(232,'Wryen','Meek','wryenmeek@gmail.com',1,9,'2014-09-12 13:40:22','2014-09-12 13:45:26'),(233,'Katie','Crain','katie.crain@union.co',0,NULL,NULL,NULL),(234,'Lauren','Kerwell','lauren.kerwell@gmail.com',1,8,'2014-09-12 20:13:54','2014-09-12 20:18:11'),(235,'Wes','Dews','wes.dews@union.co',0,NULL,NULL,NULL),(236,'Matt ','Taylor','mattmade@me.com',1,7,'2014-09-12 13:33:03','2014-09-12 13:36:35'),(237,'Brandon','Poe','bpoe89@gmail.com',1,10,'2014-09-12 13:14:18','2014-09-12 13:16:57'),(238,'Banks','Wilson','banks@union.co',1,NULL,'2014-09-12 20:20:19',NULL),(239,'Teresa','Cruz','teresa@union.co',0,NULL,NULL,NULL),(240,'Matt','Ashbridge','matt.ashbridge@union.co',1,8,'2014-09-12 09:57:57','2014-09-12 10:00:21'),(241,'Jeremy ','Walker','jeremy.walker@union.co',0,NULL,NULL,NULL),(242,'Christy','Dukes','christyhamlin@gmail.com',1,NULL,'2014-09-12 13:38:47',NULL),(243,'Derrick','Deese','derrick@union.co',1,9,'2014-09-12 13:28:07','2014-09-12 13:32:59'),(244,'Claire','Outlaw','claire@union.co',1,7,'2014-09-12 13:31:32','2014-09-12 13:35:11'),(245,'Andrea','CinqMars','acinq-mars@spisales.com',0,NULL,NULL,NULL),(246,'Shane','Barringer','shanebarringer@gmail.com',1,8,'2014-09-12 17:56:42','2014-09-12 17:59:15'),(247,'Tricia','Owen','tricia.owen@dataconversion.biz',0,NULL,NULL,NULL),(248,'Tricia','Owen','tricia.owen@dataconversions.biz',0,NULL,NULL,NULL),(249,'Robert','Mion','mr.robert.mion@gmail.com',1,9,'2014-09-13 13:45:31','2014-09-13 13:51:45'),(250,'Deborah','Mowry','debbie@debbiemowry.com',1,9,'2014-09-13 07:55:37','2014-09-13 07:58:33'),(251,'Jeremy','Smith','jeremy@bentoncreation.com',0,NULL,NULL,NULL),(252,'James','Brooks','jbrooksipod@gmail.com',1,7,'2014-09-12 10:50:03','2014-09-12 10:52:35'),(253,'Brian','Smithson','bsmithson@insigniagroup.com',0,NULL,NULL,NULL),(254,'Denise','Moletto','denise1.moletto@cms.k12.nc.us',1,8,'2014-09-12 08:48:41','2014-09-12 08:51:18'),(255,'Toni ','Hall','tonia.burgess@cms.k12.nc.us',1,6,'2014-09-12 08:46:35','2014-09-12 08:48:45'),(256,'Brian','Nivens','briannivens@gmail.com',1,10,'2014-09-12 10:03:00','2014-09-12 10:05:55'),(257,'Don','Mace','donaldb.mace@cms.k12.nc.us',1,5,'2014-09-12 08:24:21','2014-09-12 08:27:25'),(258,'Sai Phaninder Reddy','Jonnala','jspreddy@skookum.com',1,7,'2014-09-12 10:04:36','2014-09-12 10:08:41'),(259,'Jonathan','Gertig','jcgertig@gmail.com',1,NULL,'2014-09-12 13:56:34',NULL),(260,'Patty ','Delk','patty@skookum.com',0,NULL,NULL,NULL),(261,'John ','Ford','johmamiahford@gmail.com',1,5,'2014-09-12 13:22:11','2014-09-12 13:25:31'),(262,'Christie','Thornton','thornton.christie@gmail.com',1,7,'2014-09-12 17:03:26','2014-09-12 17:06:21'),(263,'Elisa','DeCastro','elisa@binaryventures.com',1,10,'2014-09-12 08:31:07','2014-09-12 08:34:28'),(264,'William','Joshua Hollingsworth','joshholingsworth@mac.com',0,NULL,NULL,NULL),(265,'Ally','Reeves','allyreeves@gmail.com',1,8,'2014-09-12 20:05:28','2014-09-12 20:08:27'),(266,'Dan','Sok','dansokz@gmail.com',1,8,'2014-09-12 13:29:01','2014-09-12 13:31:59'),(267,'Eleanor','Palmer','ecpalmer21@gmail.com',1,6,'2014-09-12 14:31:34','2014-09-12 14:34:44'),(268,'Eric','Schwartz','erics273@gmail.com',0,NULL,NULL,NULL),(269,'Mary','Dombrowski','mary@writtenbysumer.com',0,NULL,NULL,NULL),(270,'michelle','downie','michelle.downie@bankofamerica.com',0,NULL,NULL,NULL),(271,'michelle','downie','michelle.downie@bankofamerica.com',0,NULL,NULL,NULL),(272,'Jeff','Stovall','jstovall@ci.charlotte.nc.us',0,NULL,NULL,NULL),(273,'Brian','Stachniak','',0,NULL,NULL,NULL),(274,'Shannon ','Parsley','shannon@union.co',0,NULL,NULL,NULL),(275,'Chris','Hughes','chugj@allstate.com',0,NULL,NULL,NULL),(276,'Chris','Jones','leeked@gmail.com',1,10,'2014-09-12 19:40:35','2014-09-12 19:42:47'),(277,'Dennis','Shearin','dennis.shearin@aebn.net',0,NULL,NULL,NULL),(278,'Richard','Groves','rgroves@wccbcharlotte.com',0,NULL,NULL,NULL),(279,'Sara','Falleroni','sara.falleroni@bankofamerica.com',0,NULL,NULL,NULL),(280,'Ed','Weeks','weeks.edward@gmail.com',0,NULL,NULL,NULL),(281,'Daniel','Dara','daniel.dara@websitepipeline.com',0,NULL,NULL,NULL),(282,'Joshua','Mauldin','hello@joshuamauldin.com',0,NULL,NULL,NULL),(283,'Brian','Thews','bthews@qsfllc.com',0,NULL,NULL,NULL),(284,'Tony','Summitt','tsummitt@qsfllc.com',0,NULL,NULL,NULL),(285,'Gene','Crawford','gene@period-three.com',0,NULL,NULL,NULL),(286,'Giovanni','DiFeterici','giovanni@period-three.com',0,NULL,NULL,NULL),(287,'Jeff','Gunther','jeff.gunther@gmail.com',0,NULL,NULL,NULL),(288,'Celena','Harris','celena.harris@cms.k12.nc.us',0,NULL,NULL,NULL),(289,'Darlene','Sanders','dlsanders111@gmail.com',1,NULL,'2014-09-12 13:45:01',NULL),(290,'Garren','DiPasquale','garren.dipasquale@gmail.com',0,NULL,NULL,NULL),(291,'Erik','Johnson','ejohnson@amplify.com',1,6,'2014-09-12 08:20:54','2014-09-12 08:24:10'),(292,'Michael','Calitri','calitrim2@gmail.com',1,NULL,'2014-09-12 14:32:08',NULL),(293,'Steven','Miller','steven@filtersfast.com',0,NULL,NULL,NULL),(294,'Kory','McNair','korymcn@yahoo.com',1,NULL,'2014-09-12 15:56:09',NULL),(295,'Jamil','Spigner','jamil.spigner@gmail.com',1,NULL,'2014-09-12 15:55:56',NULL),(296,'Jamil','Spigner','Jamil@filtersfast.com',0,NULL,NULL,NULL),(297,'Angie','Barnes','angiebarnes@filtersfast.com',0,NULL,NULL,NULL),(298,'Vincent','Howell','vince1981@hotmail.com',1,7,'2014-09-12 08:44:06','2014-09-12 08:46:32'),(299,'Aaron','Gustafson','aaron@easy-designs.net',0,NULL,NULL,NULL),(300,'Abby','Covert','abbycovert@gmail.com',1,6,'2014-09-12 09:36:23','2014-09-12 09:42:23'),(301,'Adam','Hunter','adamhunter@me.com',0,NULL,NULL,NULL),(302,'Alex','Gaynor','alex.gaynor@gmail.com',0,NULL,NULL,NULL),(303,'Allison','House','middaylatte@gmail.com',0,NULL,NULL,NULL),(304,'Angel','Anderson','angel.j.anderson@gmail.com',1,9,'2014-09-12 13:48:34','2014-09-12 13:52:12'),(305,'Anton','Repponen','repponen@gmail.com',0,NULL,NULL,NULL),(306,'Ben','Lehnert','benedikt@6wunderkinder.com',1,7,'2014-09-13 11:55:15','2014-09-13 11:57:40'),(307,'Brad','Weaver','brad@suckerpunch-studios.com',0,NULL,NULL,NULL),(308,'Cat','Noone','cat@liber.io',1,6,'2014-09-13 11:54:48','2014-09-13 11:58:10'),(309,'Chris','Coyier','chriscoyier@gmail.com',0,NULL,NULL,NULL),(310,'Christy','Harner','christy@binaryventures.com',0,NULL,NULL,NULL),(311,'Clarissa','Peterson','clarissajoy@gmail.com',0,NULL,NULL,NULL),(312,'Claudina','Sarahe','its@misscs.me',1,4,'2014-09-13 10:42:49','2014-09-13 10:45:55'),(313,'Clinton','Dreisbach','clinton@theironyard.com',0,NULL,NULL,NULL),(314,'Dan','Denny','dd.subscriptions@gmail.com',1,4,'2014-09-12 13:13:35','2014-09-12 13:16:01'),(315,'Darcy','Clarke','darcy@darcyclarke.me',0,NULL,NULL,NULL),(316,'Diana','Lucaci','diana.lucaci@trueimpact.ca',0,NULL,NULL,NULL),(317,'Eric','Meyer ','eric@oddbird.net',0,NULL,NULL,NULL),(318,'Garrett','Johnson','gjj391@gmail.com',0,NULL,NULL,NULL),(319,'Greg','Hoy','hoy@happycog.com',0,NULL,NULL,NULL),(320,'Heather','O\'Neill','heather@pixelsforhumans.com',1,NULL,'2014-09-12 11:46:32',NULL),(321,'Heather','Payne','heather@heatherpayne.ca',0,NULL,NULL,NULL),(322,'Irene','Pereyra','irenepereyra@gmail.com',0,NULL,NULL,NULL),(323,'J.','Cornelius','jc@ninelabs.com',0,NULL,NULL,NULL),(324,'Jason','Hunter','hunterjm@gmail.com',0,NULL,NULL,NULL),(325,'Jason','Toth','jason.toth@viget.com',1,8,'2014-09-13 11:48:06','2014-09-13 11:52:24'),(326,'Jen','Myers','hello@jenmyers.net',0,NULL,NULL,NULL),(327,'Jen','Simmons','jen@jensimmons.com',0,NULL,NULL,NULL),(328,'Jennifer','Pahlka','Jen@codeforamerica.org',0,NULL,NULL,NULL),(329,'Jessie','Shternshus','jessie@improveffect.com',0,NULL,NULL,NULL),(330,'Julia','Elman','julia.elman@gmail.com',1,NULL,'2014-09-12 15:41:23',NULL),(331,'Kimberly','Bryant','KBryant@BlackGirlsCode.org',0,NULL,NULL,NULL),(332,'Laura','Helen Winn','laurahelenwinn@gmail.com',0,NULL,NULL,NULL),(333,'Leah','Silber','leahsilber@gmail.com',1,7,'2014-09-12 16:58:19','2014-09-12 17:01:41'),(334,'Lisa','Maria  Martin','lisa.maria.martin@gmail.com',0,NULL,NULL,NULL),(335,'Mark','Wilson','developerinfra@gmail.com',0,NULL,NULL,NULL),(336,'Mark','Boulton','mark@markboultondesign.com',0,NULL,NULL,NULL),(337,'Mark','Shropshire','mdshrops@shropnet.net',0,NULL,NULL,NULL),(338,'Mark','Geyer','mgeyer@salesforce.com',0,NULL,NULL,NULL),(339,'Martha','Girdler','mk.girdler@gmail.com',0,NULL,NULL,NULL),(340,'Melissa','Avery-Weir','averymd@irrsinn.net',0,NULL,NULL,NULL),(341,'Michael','Labriola','labriola@acm.org',0,NULL,NULL,NULL),(342,'Michelle','Yaiser','michelle@michelleyaiser.com',0,NULL,NULL,NULL),(343,'Michelle','Salater','michelle@writtenbysumer.com',0,NULL,NULL,NULL),(344,'Mike','Monteiro','mike@muledesign.com',0,NULL,NULL,NULL),(345,'Moses','Ngone','mo@ninelabs.com',1,6,'2014-09-13 10:53:34','2014-09-13 10:57:37'),(346,'Netta','Marshall','netta@nettamarshall.com',1,7,'2014-09-12 15:01:17','2014-09-12 15:04:40'),(347,'Nicole','Fenton','nicole@swellcontent.com',0,NULL,NULL,NULL),(348,'Nora','Richardson','nora@spot-onbranding.com',0,NULL,NULL,NULL),(349,'Pamela','Pavliscak','pamela@changesciences.com',0,NULL,NULL,NULL),(350,'Paul','Boag','paul.boag@headscape.co.uk',0,NULL,NULL,NULL),(351,'Paul','Trani','ptrani@adobe.com',0,NULL,NULL,NULL),(352,'Rachel','Ober','rachelober@gmail.com',0,NULL,NULL,NULL),(353,'Rebecca','Murphey','rmurphey@gmail.com',0,NULL,NULL,NULL),(354,'Scott','Hanselman','scott@hanselman.com',1,5,'2014-09-12 11:38:10','2014-09-12 11:40:21'),(355,'Scott','Stroud','SStroud@npr.org',0,NULL,NULL,NULL),(356,'Sophie','Shepherd','sophshep@gmail.com',1,9,'2014-09-13 08:42:43','2014-09-13 08:44:49'),(357,'Sougwen','Chung','hello@sougwen.com',0,NULL,NULL,NULL),(358,'Stacey','Mulcahy','stacey.mulcahy@gmail.com',0,NULL,NULL,NULL),(359,'Steve','Klabnik','steve@steveklabnik.com',0,NULL,NULL,NULL),(360,'Val','Head','val@valhead.com',0,NULL,NULL,NULL),(361,'Devon','Bellizio','dbellizio@cardinalsolutions.com',0,NULL,NULL,NULL),(362,'Sam','Reid','sreid@redventures.com',0,NULL,NULL,NULL),(363,'Michael','Anderson','manderson@redventures.com',0,NULL,NULL,NULL),(364,'Markus','Braasch','mbraasch@redventures.com',0,NULL,NULL,NULL),(365,'Kaylee','Nichols','knichols@redvenutres.com',1,NULL,'2014-09-12 10:49:03',NULL),(366,'Andrew','Cilley','acilley@redventures.com',0,NULL,NULL,NULL),(367,'Ken','Jones','kjones@redventures.com',0,NULL,NULL,NULL),(368,'Tru','Nguyen','tnguyen@redventures.com',0,NULL,NULL,NULL),(369,'Anne','Marie Gaines','againes@redventures.com',1,NULL,'2014-09-12 13:15:55',NULL),(370,'Matt','Stvartak','mstvartak@redventures.com',1,3,'2014-09-12 20:19:28','2014-09-12 20:21:51'),(371,'Brian','Trinca','btrinca@redventures.com',1,3,'2014-09-12 09:04:01','2014-09-12 09:07:24'),(372,'Jason','Gould','jgould@redventures.com',1,9,'2014-09-12 09:05:22','2014-09-12 09:07:54'),(373,'Justin','Watts','jwatts@redventures.com',0,NULL,NULL,NULL),(374,'Tommy','Hines','thomas@gmail.com',1,NULL,'2014-09-12 09:03:28',NULL),(375,'Ed','Mendoza','emendoza@redventures.com',0,NULL,NULL,NULL),(376,'Alex','Fernandez','afernandez@redventures.com',1,10,'2014-09-12 14:08:27','2014-09-12 14:10:44'),(377,'Jon','Aron','jaron@redventures.com',1,1,'2014-09-12 09:04:12','2014-09-12 09:06:43'),(378,'Dustin','Putnam','dputnam@redventures.com',0,NULL,NULL,NULL),(379,'Andrew','Baygulov','abaygulov@redventures.com',0,NULL,NULL,NULL),(380,'Shekinah','Smith','ssmith@redventures.com',1,9,'2014-09-12 11:09:16','2014-09-12 11:11:36'),(381,'Adam','Iscrupe','aiscrupe@redventures.com',0,NULL,NULL,NULL),(382,'Jake','Mize','jmize@redventures.com',0,NULL,NULL,NULL),(383,'Jake','Plummer','jplummer@redventures.com',1,8,'2014-09-12 14:19:14','2014-09-12 14:22:02'),(384,'Jeff','Frazier','jeffF@knowclassic.com',0,NULL,NULL,NULL),(385,'Josh','Clemons','jclemons2@gmail.com',1,5,'2014-09-12 08:30:11','2014-09-12 08:33:05'),(386,'Tristan','Perry','tristandperry@gmail.com',1,10,'2014-09-13 11:37:18','2014-09-13 11:39:38'),(387,'Justin','Baker','bakermoto@gmail.com',0,NULL,NULL,NULL),(388,'Lee','Wangenheim','lwangenheim@gmail.com',0,NULL,NULL,NULL),(389,'Bayo','Fodeke','bayo@commandpartners.com',0,NULL,NULL,NULL),(390,'Angela','Kotsokalis','angela@commandpartners.com',1,8,'2014-09-12 14:59:58','2014-09-12 15:02:08'),(391,'James','Carroll','jcarroll@prometheusgroup.com',0,NULL,NULL,NULL),(392,'Marissa','Carter','marissamcarter@gmail.com',1,NULL,'2014-09-12 10:52:27',NULL),(393,'Lucian','Florian','contact@fldtrace.com',1,5,'2014-09-12 16:57:21','2014-09-12 17:01:04'),(394,'Ben','Dalton','ben.dalton@technekes.com',0,NULL,NULL,NULL),(395,'Scott','Ortiz','orts01@gmail.com',0,NULL,NULL,NULL),(396,'Greg','Baker','greg.h.baker@gmail.com',1,8,'2014-09-12 11:40:22','2014-09-12 11:43:45'),(397,'Katie','Thomas','katie@skookum.com',0,NULL,NULL,NULL),(398,'Rob','Florence','rhflorence@gmail.com',1,9,'2014-09-12 13:41:22','2014-09-12 13:44:29'),(399,'Andrew','Gertig','agertig@skookum.com',0,NULL,NULL,NULL),(400,'Tyler','Williams','ncgolfer@gmail.com',0,NULL,NULL,NULL),(401,'Tricia ','Cervenan','tricia@skookum.com',1,NULL,'2014-09-12 12:58:27',NULL),(402,'Jason','Dailey','',0,NULL,NULL,NULL),(403,'Seth','Paye','scpaye@gmail.com',1,8,'2014-09-12 14:50:58','2014-09-12 14:55:40'),(404,'Katie','Tinsley','KTinsley@ettaingroup.com',0,NULL,NULL,NULL),(405,'Steven ','Imobersteg','steveni@ettaingroup.com',0,NULL,NULL,NULL),(406,'Alex','Byrd','Abyrd@ettaingroup.com',0,NULL,NULL,NULL),(407,'Tiffany','Carroll','tcarroll@ettaingroup.com',0,NULL,NULL,NULL),(408,'Lea','Pritchard','ettalea@gmail.com',1,7,'2014-09-12 08:26:49','2014-09-12 08:29:37'),(409,'John','Smotherman','jsmotherman@websitepipeline.com',1,9,'2014-09-12 08:41:51','2014-09-12 08:45:10'),(410,'Matt','Burke','m@m.m',1,4,'2014-09-12 14:21:47','2014-09-12 14:26:34'),(411,'Test','User','test@redventures.com',1,NULL,'2014-09-12 08:52:12',NULL),(412,'Emily','Test','emilytest@gmail.com',1,2,'2014-09-12 09:03:53','2014-09-12 09:06:21'),(413,'Tim','Kullick','t@rv.com',1,5,'2014-09-13 08:16:08','2014-09-13 08:18:59'),(414,'Romina','Painter','rainbow.ninjadoor@hotmail.com',1,10,'2014-09-12 09:11:58','2014-09-12 09:14:44'),(415,'Kelly','McMurtrie','kmcmurtrie@redventures.com',1,NULL,'2014-09-12 09:43:48',NULL),(416,'Nick','Romero','nromero@us.ibm.com',1,11,'2014-09-12 09:50:58','2014-09-12 09:55:36'),(417,'Michael','Anderson2','werty@werty.com',1,NULL,'2014-09-12 12:01:18',NULL),(418,'Matt','Test','',0,NULL,NULL,NULL),(419,'Matt','Test2','m@m.m',1,3,'2014-09-12 14:20:23','2014-09-12 14:25:48'),(420,'Matt','Test3','m@m.m',1,6,'2014-09-12 14:22:21','2014-09-12 14:26:49'),(421,'Kevin','Robbins','krobbins69@gmail.com',1,10,'2014-09-12 14:47:55','2014-09-12 14:52:04'),(422,'Jared','Meyering','jared@blendimc.com',1,10,'2014-09-12 14:49:38','2014-09-12 14:52:19'),(423,'Tara','Slabich','slabicht2@winthrop.edu',1,8,'2014-09-12 17:08:38','2014-09-12 17:12:11'),(424,'Ryan','Weber','ryanweber88@gmail.com',1,7,'2014-09-12 20:54:21','2014-09-12 20:57:32'),(425,'Brad','Beaton','',0,NULL,NULL,NULL),(426,'Tory','Walker','toryjwalker@gmail.com',1,9,'2014-09-13 08:20:09','2014-09-13 08:23:30'),(427,'Maurice','Hanns','mhanns@yahoo.com',1,6,'2014-09-13 08:45:10','2014-09-13 08:48:11'),(428,'Alvan','Makoundi','malvanbaniefdieuveille@hotmail.com',1,7,'2014-09-13 08:50:21','2014-09-13 08:52:34'),(429,'Jihad','Taylor','lorfakl@aol.com',1,8,'2014-09-13 09:37:12','2014-09-13 09:41:32'),(430,'Misho','Dimitrov','misho.dimitrov@gmail.com',1,7,'2014-09-13 10:46:21','2014-09-13 10:49:19'),(431,'Lori','Carter','lori.carter@cms.k.12.nc.us',1,7,'2014-09-13 12:51:22','2014-09-13 12:54:21'),(432,'Bermon','Painter','',0,NULL,NULL,NULL),(433,'AP','Fritts','ap@apfritts.com',1,9,'2014-09-13 13:28:27','2014-09-13 13:31:40'),(434,'Andronica','Klaas','andronoca.klaas@gmail.com',1,7,'2014-09-13 14:17:14','2014-09-13 14:19:56'),(435,'John','Nshimiyimana','nshimiyejm@gmail.com',1,NULL,'2014-09-13 14:18:04',NULL),(436,'Brencis','Stanford','bgolf777@gmail.com',1,8,'2014-09-13 14:18:57','2014-09-13 14:22:04'),(437,'John','Nshim','nshimiyejm@gmail.com',1,5,'2014-09-13 14:21:03','2014-09-13 14:23:16'),(438,'Kimberly','Mcfadden','kcmcfadden.2013@jcmail.jcsu.edu',1,9,'2014-09-13 14:23:42','2014-09-13 14:27:04'),(439,'Sarah','Auvil','sarah.lynn.auvil@gmail.com',1,6,'2014-09-13 15:43:00','2014-09-13 15:46:04');
/*!40000 ALTER TABLE `Users` ENABLE KEYS */;
UNLOCK TABLES;
/*!40103 SET TIME_ZONE=@OLD_TIME_ZONE */;

/*!40101 SET SQL_MODE=@OLD_SQL_MODE */;
/*!40014 SET FOREIGN_KEY_CHECKS=@OLD_FOREIGN_KEY_CHECKS */;
/*!40014 SET UNIQUE_CHECKS=@OLD_UNIQUE_CHECKS */;
/*!40101 SET CHARACTER_SET_CLIENT=@OLD_CHARACTER_SET_CLIENT */;
/*!40101 SET CHARACTER_SET_RESULTS=@OLD_CHARACTER_SET_RESULTS */;
/*!40101 SET COLLATION_CONNECTION=@OLD_COLLATION_CONNECTION */;
/*!40111 SET SQL_NOTES=@OLD_SQL_NOTES */;

-- Dump completed on 2014-09-15 10:05:39
